{
    "foreground_intensity_properties_per_channel": {
        "0": {
            "max": 255.0,
            "mean": 24.193864822387695,
            "median": 7.0,
            "min": 0.0,
            "percentile_00_5": 0.0,
            "percentile_99_5": 255.0,
            "std": 52.8297233581543
        },
        "1": {
            "max": 255.0,
            "mean": 78.8351058959961,
            "median": 21.0,
            "min": 0.0,
            "percentile_00_5": 1.0,
            "percentile_99_5": 255.0,
            "std": 95.26226043701172
        },
        "2": {
            "max": 255.0,
            "mean": 76.88878631591797,
            "median": 19.0,
            "min": 0.0,
            "percentile_00_5": 1.0,
            "percentile_99_5": 255.0,
            "std": 96.67799377441406
        }
    },
    "median_relative_size_after_cropping": 1.0,
    "shapes_after_crop": [
        [
            566,
            2048,
            2048
        ],
        [
            638,
            2048,
            2048
        ],
        [
            708,
            2048,
            2048
        ],
        [
            375,
            2048,
            2048
        ],
        [
            365,
            2048,
            2048
        ],
        [
            426,
            2048,
            2048
        ]
    ],
    "spacings": [
        [
            1.0,
            0.27000001072883606,
            0.27000001072883606
        ],
        [
            1.0,
            0.27000001072883606,
            0.27000001072883606
        ],
        [
            1.0,
            0.27000001072883606,
            0.27000001072883606
        ],
        [
            1.0,
            0.27000001072883606,
            0.27000001072883606
        ],
        [
            1.0,
            0.27000001072883606,
            0.27000001072883606
        ],
        [
            1.0,
            0.27000001072883606,
            0.27000001072883606
        ]
    ]
}